<?xml version="1.0"?>
<stockmarket><stock><id>1</id><name>StockA</name><code>STK1</code><parentvalue>200</parentvalue><point><value>215.32</value><timestamp>1424097116</timestamp></point><point><value>215.32</value><timestamp>1424097118</timestamp></point><point><value>215.46</value><timestamp>1424097195</timestamp></point><point><value>215.46</value><timestamp>1424097201</timestamp></point><point><value>215.43</value><timestamp>1424097204</timestamp></point><point><value>215.43</value><timestamp>1424104304</timestamp></point><point><value>215.43</value><timestamp>1424104307</timestamp></point><point><value>215.54</value><timestamp>1424104317</timestamp></point><point><value>215.45</value><timestamp>1424104322</timestamp></point><point><value>215.45</value><timestamp>1424105250</timestamp></point><point><value>215.56</value><timestamp>1424161204</timestamp></point><point><value>215.55</value><timestamp>1424161210</timestamp></point><point><value>215.53</value><timestamp>1424161218</timestamp></point><point><value>215.53</value><timestamp>1424161239</timestamp></point><point><value>215.67</value><timestamp>1424166378</timestamp></point><point><value>216.92</value><timestamp>1424166744</timestamp></point><point><value>218.06</value><timestamp>1424166814</timestamp></point><point><value>219.63</value><timestamp>1424166826</timestamp></point><point><value>230.78</value><timestamp>1424166903</timestamp></point><point><value>243.62</value><timestamp>1424166977</timestamp></point><point><value>242.96</value><timestamp>1424166981</timestamp></point><point><value>243.22</value><timestamp>1424166991</timestamp></point><point><value>242.26</value><timestamp>1424166994</timestamp></point><point><value>242.81</value><timestamp>1424167044</timestamp></point><point><value>242.87</value><timestamp>1424167057</timestamp></point><point><value>242.84</value><timestamp>1424167065</timestamp></point><point><value>242.81</value><timestamp>1424168504</timestamp></point><point><value>242.86</value><timestamp>1424221021</timestamp></point><point><value>242.83</value><timestamp>1424221028</timestamp></point><point><value>256.04</value><timestamp>1424222803</timestamp></point></stock><stock><id>2</id><name>Stock2</name><code>STK2</code><parentvalue>200</parentvalue><point><value>210.28</value><timestamp>1424185091</timestamp></point><point><value>210.28</value><timestamp>1424185172</timestamp></point><point><value>210.28</value><timestamp>1424185175</timestamp></point><point><value>210.28</value><timestamp>1424185515</timestamp></point><point><value>210.28</value><timestamp>1424185517</timestamp></point><point><value>210.28</value><timestamp>1424185520</timestamp></point><point><value>210.28</value><timestamp>1424185522</timestamp></point><point><value>210.28</value><timestamp>1424185525</timestamp></point><point><value>210.28</value><timestamp>1424185527</timestamp></point><point><value>210.28</value><timestamp>1424185551</timestamp></point><point><value>210.28</value><timestamp>1424189192</timestamp></point><point><value>210.28</value><timestamp>1424189194</timestamp></point><point><value>210.28</value><timestamp>1424189196</timestamp></point><point><value>210.28</value><timestamp>1424189216</timestamp></point><point><value>210.28</value><timestamp>1424189224</timestamp></point><point><value>210.28</value><timestamp>1424189226</timestamp></point><point><value>210.28</value><timestamp>1424189242</timestamp></point><point><value>210.37</value><timestamp>1424198024</timestamp></point><point><value>210.48</value><timestamp>1424198028</timestamp></point><point><value>210.46</value><timestamp>1424198045</timestamp></point><point><value>210.43</value><timestamp>1424198048</timestamp></point><point><value>210.48</value><timestamp>1424198745</timestamp></point><point><value>210.55</value><timestamp>1424198751</timestamp></point><point><value>210.67</value><timestamp>1424198755</timestamp></point><point><value>210.77</value><timestamp>1424198758</timestamp></point><point><value>210.71</value><timestamp>1424199251</timestamp></point><point><value>210.65</value><timestamp>1424199280</timestamp></point><point><value>210.63</value><timestamp>1424199454</timestamp></point><point><value>210.61</value><timestamp>1424199461</timestamp></point><point><value>210.61</value><timestamp>1424209439</timestamp></point></stock><stock><id>3</id><name>Nikhileshwar Co. Ltd.</name><code>NIK</code><parentvalue>100</parentvalue><point><value>105.88</value><timestamp>1424194661</timestamp></point><point><value>105.88</value><timestamp>1424194664</timestamp></point><point><value>105.88</value><timestamp>1424194668</timestamp></point><point><value>105.88</value><timestamp>1424194670</timestamp></point><point><value>105.88</value><timestamp>1424194672</timestamp></point><point><value>105.88</value><timestamp>1424194674</timestamp></point><point><value>105.83</value><timestamp>1424195996</timestamp></point><point><value>105.94</value><timestamp>1424196125</timestamp></point><point><value>105.84</value><timestamp>1424196139</timestamp></point><point><value>105.83</value><timestamp>1424196688</timestamp></point><point><value>105.83</value><timestamp>1424197141</timestamp></point><point><value>105.84</value><timestamp>1424197996</timestamp></point><point><value>105.8</value><timestamp>1424198005</timestamp></point><point><value>105.82</value><timestamp>1424217001</timestamp></point><point><value>105.83</value><timestamp>1424217004</timestamp></point><point><value>105.86</value><timestamp>1424217006</timestamp></point><point><value>105.84</value><timestamp>1424217016</timestamp></point><point><value>105.84</value><timestamp>1424219198</timestamp></point><point><value>105.86</value><timestamp>1424219208</timestamp></point><point><value>105.86</value><timestamp>1424219227</timestamp></point><point><value>105.86</value><timestamp>1424219240</timestamp></point><point><value>105.85</value><timestamp>1424219267</timestamp></point><point><value>105.85</value><timestamp>1424219830</timestamp></point><point><value>105.85</value><timestamp>1424219862</timestamp></point><point><value>105.85</value><timestamp>1424220260</timestamp></point><point><value>105.85</value><timestamp>1424220330</timestamp></point><point><value>105.85</value><timestamp>1424220344</timestamp></point><point><value>105.85</value><timestamp>1424220402</timestamp></point><point><value>105.85</value><timestamp>1424220419</timestamp></point><point><value>105.85</value><timestamp>1424220440</timestamp></point></stock><stock><id>4</id><name>Asphalo Studios</name><code>AST</code><parentvalue>350</parentvalue><point><value>350</value><timestamp>1424082106</timestamp></point><point><value>350</value><timestamp>1424082106</timestamp></point><point><value>350</value><timestamp>1424194688</timestamp></point><point><value>351.68</value><timestamp>1424194693</timestamp></point><point><value>350.92</value><timestamp>1424194700</timestamp></point><point><value>350.92</value><timestamp>1424194709</timestamp></point></stock><stock><id>5</id><name>BoomChik Inc.</name><code>BCI</code><parentvalue>150</parentvalue><point><value>150</value><timestamp>1424082106</timestamp></point><point><value>150</value><timestamp>1424082106</timestamp></point><point><value>150</value><timestamp>1424217238</timestamp></point><point><value>150.02</value><timestamp>1424217247</timestamp></point><point><value>150.02</value><timestamp>1424217280</timestamp></point><point><value>150.01</value><timestamp>1424217312</timestamp></point><point><value>150.05</value><timestamp>1424217325</timestamp></point><point><value>150.04</value><timestamp>1424217435</timestamp></point><point><value>150.04</value><timestamp>1424218462</timestamp></point><point><value>150.04</value><timestamp>1424218698</timestamp></point><point><value>150.04</value><timestamp>1424218757</timestamp></point><point><value>150.04</value><timestamp>1424218768</timestamp></point><point><value>150.04</value><timestamp>1424218958</timestamp></point><point><value>150.03</value><timestamp>1424218973</timestamp></point><point><value>150.03</value><timestamp>1424218988</timestamp></point><point><value>150.03</value><timestamp>1424219006</timestamp></point></stock><stock><id>6</id><name>CompsLab8</name><code>CL8</code><parentvalue>250</parentvalue><point><value>250</value><timestamp>1424082106</timestamp></point><point><value>250</value><timestamp>1424082106</timestamp></point><point><value>250.27</value><timestamp>1424168528</timestamp></point></stock><stock><id>7</id><name>IBM Labs</name><code>IBM</code><parentvalue>175</parentvalue><point><value>175</value><timestamp>1424082106</timestamp></point><point><value>175</value><timestamp>1424082106</timestamp></point><point><value>175.01</value><timestamp>1424213236</timestamp></point><point><value>175.07</value><timestamp>1424213245</timestamp></point><point><value>175.07</value><timestamp>1424215361</timestamp></point><point><value>175.07</value><timestamp>1424215376</timestamp></point><point><value>175.07</value><timestamp>1424215415</timestamp></point><point><value>175.07</value><timestamp>1424215427</timestamp></point><point><value>175.07</value><timestamp>1424215546</timestamp></point><point><value>175.07</value><timestamp>1424215684</timestamp></point><point><value>175.07</value><timestamp>1424215722</timestamp></point><point><value>175.07</value><timestamp>1424215725</timestamp></point><point><value>175.02</value><timestamp>1424215755</timestamp></point><point><value>175.02</value><timestamp>1424215885</timestamp></point><point><value>175.02</value><timestamp>1424216067</timestamp></point><point><value>174.98</value><timestamp>1424216074</timestamp></point><point><value>175.03</value><timestamp>1424216105</timestamp></point><point><value>175.02</value><timestamp>1424216893</timestamp></point><point><value>174.99</value><timestamp>1424216964</timestamp></point></stock><stock><id>8</id><name>Conference Room</name><code>CRM</code><parentvalue>64</parentvalue><point><value>64</value><timestamp>1424082106</timestamp></point><point><value>64</value><timestamp>1424082106</timestamp></point><point><value>65.01</value><timestamp>1424181821</timestamp></point><point><value>64.83</value><timestamp>1424181841</timestamp></point><point><value>64.58</value><timestamp>1424181861</timestamp></point><point><value>64.55</value><timestamp>1424196076</timestamp></point><point><value>64.6</value><timestamp>1424197187</timestamp></point><point><value>64.67</value><timestamp>1424197191</timestamp></point><point><value>64.76</value><timestamp>1424197194</timestamp></point><point><value>64.73</value><timestamp>1424197208</timestamp></point><point><value>64.72</value><timestamp>1424197326</timestamp></point><point><value>64.68</value><timestamp>1424197491</timestamp></point></stock><stock><id>9</id><name>Random Stock Ltd.</name><code>RSL</code><parentvalue>98</parentvalue><point><value>98</value><timestamp>1424082106</timestamp></point><point><value>98</value><timestamp>1424082106</timestamp></point></stock><stock><id>10</id><name>Staff Room Wars</name><code>SRW</code><parentvalue>166</parentvalue><point><value>166</value><timestamp>1424082106</timestamp></point><point><value>166</value><timestamp>1424082106</timestamp></point><point><value>166</value><timestamp>1424092617</timestamp></point></stock><stock><id>11</id><name>Out Of Ideas</name><code>OOI</code><parentvalue>196</parentvalue><point><value>196</value><timestamp>1424082106</timestamp></point><point><value>196</value><timestamp>1424082106</timestamp></point><point><value>196</value><timestamp>1424182279</timestamp></point><point><value>196</value><timestamp>1424196525</timestamp></point></stock><stock><id>12</id><name>Bleh</name><code>BLH</code><parentvalue>1220</parentvalue><point><value>1220</value><timestamp>1424082106</timestamp></point><point><value>1220</value><timestamp>1424082106</timestamp></point><point><value>1220</value><timestamp>1424082682</timestamp></point><point><value>1220</value><timestamp>1424082695</timestamp></point><point><value>1219.8</value><timestamp>1424082701</timestamp></point><point><value>1219.8</value><timestamp>1424190864</timestamp></point><point><value>1219.8</value><timestamp>1424190953</timestamp></point><point><value>1219.8</value><timestamp>1424190978</timestamp></point></stock></stockmarket>
