<?xml version="1.0"?>
<stockmarket><stock><id>1</id><name>StockA</name><code>STK1</code><parentvalue>200</parentvalue><point><value>271.23</value><timestamp>1424416112</timestamp></point><point><value>270.25</value><timestamp>1424416114</timestamp></point><point><value>269.21</value><timestamp>1424416118</timestamp></point><point><value>268.19</value><timestamp>1424416118</timestamp></point><point><value>267.23</value><timestamp>1424416119</timestamp></point><point><value>266.25</value><timestamp>1424416120</timestamp></point><point><value>265.17</value><timestamp>1424416121</timestamp></point><point><value>264.17</value><timestamp>1424416122</timestamp></point><point><value>263.2</value><timestamp>1424416122</timestamp></point><point><value>262.17</value><timestamp>1424416123</timestamp></point><point><value>261.11</value><timestamp>1424416124</timestamp></point><point><value>260.06</value><timestamp>1424416125</timestamp></point><point><value>259.01</value><timestamp>1424416126</timestamp></point><point><value>257.98</value><timestamp>1424416126</timestamp></point><point><value>256.98</value><timestamp>1424416127</timestamp></point><point><value>256.05</value><timestamp>1424416128</timestamp></point><point><value>255.14</value><timestamp>1424416129</timestamp></point><point><value>254.14</value><timestamp>1424416131</timestamp></point><point><value>253.1</value><timestamp>1424416132</timestamp></point><point><value>252.11</value><timestamp>1424416133</timestamp></point><point><value>251.08</value><timestamp>1424416134</timestamp></point><point><value>250.02</value><timestamp>1424416134</timestamp></point><point><value>249.06</value><timestamp>1424416136</timestamp></point><point><value>248.11</value><timestamp>1424416137</timestamp></point><point><value>247.11</value><timestamp>1424416138</timestamp></point><point><value>246.22</value><timestamp>1424416138</timestamp></point><point><value>245.32</value><timestamp>1424416139</timestamp></point><point><value>244.31</value><timestamp>1424416141</timestamp></point><point><value>243.36</value><timestamp>1424416142</timestamp></point><point><value>243.35</value><timestamp>1424416143</timestamp></point></stock><stock><id>2</id><name>Stock2</name><code>STK2</code><parentvalue>200</parentvalue><point><value>210.28</value><timestamp>1424185551</timestamp></point><point><value>210.28</value><timestamp>1424189192</timestamp></point><point><value>210.28</value><timestamp>1424189194</timestamp></point><point><value>210.28</value><timestamp>1424189196</timestamp></point><point><value>210.28</value><timestamp>1424189216</timestamp></point><point><value>210.28</value><timestamp>1424189224</timestamp></point><point><value>210.28</value><timestamp>1424189226</timestamp></point><point><value>210.28</value><timestamp>1424189242</timestamp></point><point><value>210.37</value><timestamp>1424198024</timestamp></point><point><value>210.48</value><timestamp>1424198028</timestamp></point><point><value>210.46</value><timestamp>1424198045</timestamp></point><point><value>210.43</value><timestamp>1424198048</timestamp></point><point><value>210.48</value><timestamp>1424198745</timestamp></point><point><value>210.55</value><timestamp>1424198751</timestamp></point><point><value>210.67</value><timestamp>1424198755</timestamp></point><point><value>210.77</value><timestamp>1424198758</timestamp></point><point><value>210.71</value><timestamp>1424199251</timestamp></point><point><value>210.65</value><timestamp>1424199280</timestamp></point><point><value>210.63</value><timestamp>1424199454</timestamp></point><point><value>210.61</value><timestamp>1424199461</timestamp></point><point><value>210.61</value><timestamp>1424209439</timestamp></point><point><value>211.97</value><timestamp>1424415025</timestamp></point><point><value>213.26</value><timestamp>1424415030</timestamp></point><point><value>214.66</value><timestamp>1424415033</timestamp></point><point><value>214.66</value><timestamp>1424415036</timestamp></point><point><value>214.66</value><timestamp>1424415058</timestamp></point><point><value>214.14</value><timestamp>1424415073</timestamp></point><point><value>213.6</value><timestamp>1424415076</timestamp></point><point><value>212.98</value><timestamp>1424415079</timestamp></point><point><value>212.33</value><timestamp>1424415081</timestamp></point></stock><stock><id>3</id><name>Nikhileshwar Co. Ltd.</name><code>NIK</code><parentvalue>100</parentvalue><point><value>105.85</value><timestamp>1424220260</timestamp></point><point><value>105.85</value><timestamp>1424220330</timestamp></point><point><value>105.85</value><timestamp>1424220344</timestamp></point><point><value>105.85</value><timestamp>1424220402</timestamp></point><point><value>105.85</value><timestamp>1424220419</timestamp></point><point><value>105.85</value><timestamp>1424220440</timestamp></point><point><value>105.85</value><timestamp>1424382240</timestamp></point><point><value>106.09</value><timestamp>1424415099</timestamp></point><point><value>106.1</value><timestamp>1424415110</timestamp></point><point><value>106.11</value><timestamp>1424415111</timestamp></point><point><value>106.12</value><timestamp>1424415111</timestamp></point><point><value>106.13</value><timestamp>1424415112</timestamp></point><point><value>106.14</value><timestamp>1424415113</timestamp></point><point><value>106.15</value><timestamp>1424415114</timestamp></point><point><value>106.16</value><timestamp>1424415115</timestamp></point><point><value>106.17</value><timestamp>1424415116</timestamp></point><point><value>106.18</value><timestamp>1424415117</timestamp></point><point><value>106.19</value><timestamp>1424415118</timestamp></point><point><value>106.19</value><timestamp>1424415125</timestamp></point><point><value>106.17</value><timestamp>1424415129</timestamp></point><point><value>106.15</value><timestamp>1424415130</timestamp></point><point><value>106.13</value><timestamp>1424415133</timestamp></point><point><value>106.11</value><timestamp>1424415135</timestamp></point><point><value>106.09</value><timestamp>1424415146</timestamp></point><point><value>106.07</value><timestamp>1424415151</timestamp></point><point><value>106.05</value><timestamp>1424415154</timestamp></point><point><value>106.03</value><timestamp>1424415156</timestamp></point><point><value>106.01</value><timestamp>1424415158</timestamp></point><point><value>106.01</value><timestamp>1424415160</timestamp></point><point><value>106</value><timestamp>1424416106</timestamp></point></stock><stock><id>4</id><name>Asphalo Studios</name><code>AST</code><parentvalue>350</parentvalue><point><value>350</value><timestamp>1424082106</timestamp></point><point><value>350</value><timestamp>1424082106</timestamp></point><point><value>350</value><timestamp>1424194688</timestamp></point><point><value>351.68</value><timestamp>1424194693</timestamp></point><point><value>350.92</value><timestamp>1424194700</timestamp></point><point><value>350.92</value><timestamp>1424194709</timestamp></point><point><value>353.16</value><timestamp>1424416799</timestamp></point><point><value>351.88</value><timestamp>1424416805</timestamp></point></stock><stock><id>5</id><name>BoomChik Inc.</name><code>BCI</code><parentvalue>150</parentvalue><point><value>150</value><timestamp>1424082106</timestamp></point><point><value>150</value><timestamp>1424082106</timestamp></point><point><value>150</value><timestamp>1424217238</timestamp></point><point><value>150.02</value><timestamp>1424217247</timestamp></point><point><value>150.02</value><timestamp>1424217280</timestamp></point><point><value>150.01</value><timestamp>1424217312</timestamp></point><point><value>150.05</value><timestamp>1424217325</timestamp></point><point><value>150.04</value><timestamp>1424217435</timestamp></point><point><value>150.04</value><timestamp>1424218462</timestamp></point><point><value>150.04</value><timestamp>1424218698</timestamp></point><point><value>150.04</value><timestamp>1424218757</timestamp></point><point><value>150.04</value><timestamp>1424218768</timestamp></point><point><value>150.04</value><timestamp>1424218958</timestamp></point><point><value>150.03</value><timestamp>1424218973</timestamp></point><point><value>150.03</value><timestamp>1424218988</timestamp></point><point><value>150.03</value><timestamp>1424219006</timestamp></point></stock><stock><id>6</id><name>CompsLab8</name><code>CL8</code><parentvalue>250</parentvalue><point><value>250</value><timestamp>1424082106</timestamp></point><point><value>250</value><timestamp>1424082106</timestamp></point><point><value>250.27</value><timestamp>1424168528</timestamp></point><point><value>250.62</value><timestamp>1424381729</timestamp></point><point><value>243.02</value><timestamp>1424416104</timestamp></point></stock><stock><id>7</id><name>IBM Labs</name><code>IBM</code><parentvalue>175</parentvalue><point><value>175</value><timestamp>1424082106</timestamp></point><point><value>175</value><timestamp>1424082106</timestamp></point><point><value>175.01</value><timestamp>1424213236</timestamp></point><point><value>175.07</value><timestamp>1424213245</timestamp></point><point><value>175.07</value><timestamp>1424215361</timestamp></point><point><value>175.07</value><timestamp>1424215376</timestamp></point><point><value>175.07</value><timestamp>1424215415</timestamp></point><point><value>175.07</value><timestamp>1424215427</timestamp></point><point><value>175.07</value><timestamp>1424215546</timestamp></point><point><value>175.07</value><timestamp>1424215684</timestamp></point><point><value>175.07</value><timestamp>1424215722</timestamp></point><point><value>175.07</value><timestamp>1424215725</timestamp></point><point><value>175.02</value><timestamp>1424215755</timestamp></point><point><value>175.02</value><timestamp>1424215885</timestamp></point><point><value>175.02</value><timestamp>1424216067</timestamp></point><point><value>174.98</value><timestamp>1424216074</timestamp></point><point><value>175.03</value><timestamp>1424216105</timestamp></point><point><value>175.02</value><timestamp>1424216893</timestamp></point><point><value>174.99</value><timestamp>1424216964</timestamp></point><point><value>174.99</value><timestamp>1424361434</timestamp></point></stock><stock><id>8</id><name>Conference Room</name><code>CRM</code><parentvalue>64</parentvalue><point><value>65.08</value><timestamp>1424415794</timestamp></point><point><value>65.47</value><timestamp>1424415801</timestamp></point><point><value>65.33</value><timestamp>1424415803</timestamp></point><point><value>65.11</value><timestamp>1424415809</timestamp></point><point><value>65.11</value><timestamp>1424415863</timestamp></point><point><value>65.11</value><timestamp>1424415865</timestamp></point><point><value>65.11</value><timestamp>1424415895</timestamp></point><point><value>65.11</value><timestamp>1424415975</timestamp></point><point><value>65.11</value><timestamp>1424415991</timestamp></point><point><value>65.11</value><timestamp>1424415994</timestamp></point><point><value>65.11</value><timestamp>1424416038</timestamp></point><point><value>65.11</value><timestamp>1424416041</timestamp></point><point><value>65.29</value><timestamp>1424416048</timestamp></point><point><value>65.43</value><timestamp>1424416053</timestamp></point><point><value>65.56</value><timestamp>1424416056</timestamp></point><point><value>65.67</value><timestamp>1424416059</timestamp></point><point><value>65.78</value><timestamp>1424416060</timestamp></point><point><value>65.87</value><timestamp>1424416063</timestamp></point><point><value>65.95</value><timestamp>1424416066</timestamp></point><point><value>66.02</value><timestamp>1424416068</timestamp></point><point><value>66.09</value><timestamp>1424416070</timestamp></point><point><value>65.99</value><timestamp>1424416144</timestamp></point><point><value>65.86</value><timestamp>1424416145</timestamp></point><point><value>65.71</value><timestamp>1424416146</timestamp></point><point><value>65.55</value><timestamp>1424416147</timestamp></point><point><value>65.4</value><timestamp>1424416148</timestamp></point><point><value>65.21</value><timestamp>1424416149</timestamp></point><point><value>65.02</value><timestamp>1424416149</timestamp></point><point><value>64.8</value><timestamp>1424416150</timestamp></point><point><value>64.61</value><timestamp>1424416152</timestamp></point></stock><stock><id>9</id><name>Random Stock Ltd.</name><code>RSL</code><parentvalue>98</parentvalue><point><value>98</value><timestamp>1424082106</timestamp></point><point><value>98</value><timestamp>1424082106</timestamp></point><point><value>98.65</value><timestamp>1424382487</timestamp></point><point><value>97.72</value><timestamp>1424415296</timestamp></point></stock><stock><id>10</id><name>Staff Room Wars</name><code>SRW</code><parentvalue>166</parentvalue><point><value>166</value><timestamp>1424082106</timestamp></point><point><value>166</value><timestamp>1424082106</timestamp></point><point><value>166</value><timestamp>1424092617</timestamp></point></stock><stock><id>11</id><name>Out Of Ideas</name><code>OOI</code><parentvalue>196</parentvalue><point><value>196</value><timestamp>1424082106</timestamp></point><point><value>196</value><timestamp>1424082106</timestamp></point><point><value>196</value><timestamp>1424182279</timestamp></point><point><value>196</value><timestamp>1424196525</timestamp></point></stock><stock><id>12</id><name>Bleh</name><code>BLH</code><parentvalue>1220</parentvalue><point><value>1220</value><timestamp>1424082106</timestamp></point><point><value>1220</value><timestamp>1424082106</timestamp></point><point><value>1220</value><timestamp>1424082682</timestamp></point><point><value>1220</value><timestamp>1424082695</timestamp></point><point><value>1219.8</value><timestamp>1424082701</timestamp></point><point><value>1219.8</value><timestamp>1424190864</timestamp></point><point><value>1219.8</value><timestamp>1424190953</timestamp></point><point><value>1219.8</value><timestamp>1424190978</timestamp></point><point><value>1179.67</value><timestamp>1424376619</timestamp></point><point><value>1183.33</value><timestamp>1424416084</timestamp></point><point><value>1179.3</value><timestamp>1424416153</timestamp></point></stock></stockmarket>
