<?xml version="1.0"?>
<stocknews><news><id>1</id><stockid>1</stockid><title>Some Sample News</title><description>Nam fermentum quam quis dapibus imperdiet. Quisque eget ligula egestas, eleifend massa eu, aliquet mauris. Sed pulvinar lorem ut nisi imperdiet, euismod faucibus magna laoreet. Fusce at porttitor justo, ut aliquet magna. Cras lacinia felis sed dolor faucibus molestie.</description><intensity>2</intensity><effectdelay>30</effectdelay><timestamp>2015-02-15 17:29:11</timestamp></news><news><id>2</id><stockid>1</stockid><title>Some Sample News 2</title><description>Stock Market Prototype launched</description><intensity>2</intensity><effectdelay>30</effectdelay><timestamp>2015-02-15 17:30:14</timestamp></news></stocknews>
